quota_id,rep_id,quota_quarter_date,quota_target,quota_attainment_percent
QTA-0001,REP-001,2023-01-01,970000,1.04
QTA-0002,REP-001,2023-04-01,100000,1.09
QTA-0003,REP-001,2023-07-01,830000,1.25
QTA-0004,REP-001,2023-10-01,480000,0.84
QTA-0005,REP-001,2024-01-01,470000,1.12
QTA-0006,REP-001,2024-04-01,660000,0.68
QTA-0007,REP-001,2024-07-01,410000,0.89
QTA-0008,REP-001,2024-10-01,890000,0.79
QTA-0009,REP-001,2025-01-01,600000,0.63
QTA-0010,REP-001,2025-04-01,320000,1.0
QTA-0011,REP-001,2025-07-01,530000,0.6
QTA-0012,REP-001,2025-10-01,250000,0.79
QTA-0013,REP-001,2026-01-01,980000,0.63
QTA-0014,REP-001,2026-04-01,490000,1.29
QTA-0015,REP-001,2026-07-01,380000,1.15
QTA-0016,REP-001,2026-10-01,440000,1.27
QTA-0017,REP-016,2023-01-01,510000,1.41
QTA-0018,REP-016,2023-04-01,970000,1.45
QTA-0019,REP-016,2023-07-01,430000,1.41
QTA-0020,REP-016,2023-10-01,280000,0.61
QTA-0021,REP-016,2024-01-01,590000,0.76
QTA-0022,REP-016,2024-04-01,340000,1.43
QTA-0023,REP-016,2024-07-01,870000,1.37
QTA-0024,REP-016,2024-10-01,830000,1.4
QTA-0025,REP-016,2025-01-01,230000,0.93
QTA-0026,REP-016,2025-04-01,580000,0.95
QTA-0027,REP-016,2025-07-01,140000,0.94
QTA-0028,REP-016,2025-10-01,960000,1.06
QTA-0029,REP-016,2026-01-01,980000,0.92
QTA-0030,REP-016,2026-04-01,750000,1.24
QTA-0031,REP-016,2026-07-01,990000,1.4
QTA-0032,REP-016,2026-10-01,560000,1.03
QTA-0033,REP-121,2023-01-01,670000,0.77
QTA-0034,REP-121,2023-04-01,190000,1.46
QTA-0035,REP-121,2023-07-01,210000,0.55
QTA-0036,REP-121,2023-10-01,920000,1.31
QTA-0037,REP-121,2024-01-01,650000,0.96
QTA-0038,REP-121,2024-04-01,290000,1.48
QTA-0039,REP-121,2024-07-01,470000,1.45
QTA-0040,REP-121,2024-10-01,740000,0.95
QTA-0041,REP-121,2025-01-01,400000,1.15
QTA-0042,REP-121,2025-04-01,670000,1.04
QTA-0043,REP-121,2025-07-01,500000,0.72
QTA-0044,REP-121,2025-10-01,700000,0.55
QTA-0045,REP-121,2026-01-01,300000,0.78
QTA-0046,REP-121,2026-04-01,370000,1.38
QTA-0047,REP-121,2026-07-01,240000,0.93
QTA-0048,REP-121,2026-10-01,440000,0.86
QTA-0049,REP-039,2023-01-01,950000,1.1
QTA-0050,REP-039,2023-04-01,280000,1.43
QTA-0051,REP-039,2023-07-01,430000,1.48
QTA-0052,REP-039,2023-10-01,660000,1.05
QTA-0053,REP-039,2024-01-01,440000,0.94
QTA-0054,REP-039,2024-04-01,470000,0.54
QTA-0055,REP-039,2024-07-01,900000,1.09
QTA-0056,REP-039,2024-10-01,590000,0.84
QTA-0057,REP-039,2025-01-01,750000,1.34
QTA-0058,REP-039,2025-04-01,570000,0.89
QTA-0059,REP-039,2025-07-01,840000,0.68
QTA-0060,REP-039,2025-10-01,650000,1.4
QTA-0061,REP-039,2026-01-01,850000,0.64
QTA-0062,REP-039,2026-04-01,160000,1.33
QTA-0063,REP-039,2026-07-01,380000,1.17
QTA-0064,REP-039,2026-10-01,300000,0.97
QTA-0065,REP-045,2023-01-01,360000,1.46
QTA-0066,REP-045,2023-04-01,730000,0.62
QTA-0067,REP-045,2023-07-01,560000,0.89
QTA-0068,REP-045,2023-10-01,710000,1.49
QTA-0069,REP-045,2024-01-01,190000,0.65
QTA-0070,REP-045,2024-04-01,410000,0.5
QTA-0071,REP-045,2024-07-01,800000,1.28
QTA-0072,REP-045,2024-10-01,680000,1.16
QTA-0073,REP-045,2025-01-01,830000,0.85
QTA-0074,REP-045,2025-04-01,850000,0.62
QTA-0075,REP-045,2025-07-01,390000,0.64
QTA-0076,REP-045,2025-10-01,490000,0.68
QTA-0077,REP-045,2026-01-01,590000,0.88
QTA-0078,REP-045,2026-04-01,100000,1.08
QTA-0079,REP-045,2026-07-01,100000,1.38
QTA-0080,REP-045,2026-10-01,520000,1.42
QTA-0081,REP-008,2023-01-01,780000,0.71
QTA-0082,REP-008,2023-04-01,930000,1.11
QTA-0083,REP-008,2023-07-01,990000,1.45
QTA-0084,REP-008,2023-10-01,130000,0.7
QTA-0085,REP-008,2024-01-01,440000,0.57
QTA-0086,REP-008,2024-04-01,410000,1.32
QTA-0087,REP-008,2024-07-01,610000,0.84
QTA-0088,REP-008,2024-10-01,340000,0.63
QTA-0089,REP-008,2025-01-01,750000,0.82
QTA-0090,REP-008,2025-04-01,780000,0.77
QTA-0091,REP-008,2025-07-01,960000,1.1
QTA-0092,REP-008,2025-10-01,660000,1.37
QTA-0093,REP-008,2026-01-01,660000,1.32
QTA-0094,REP-008,2026-04-01,130000,1.24
QTA-0095,REP-008,2026-07-01,150000,0.93
QTA-0096,REP-008,2026-10-01,130000,1.0
QTA-0097,REP-144,2023-01-01,580000,0.6
QTA-0098,REP-144,2023-04-01,450000,1.29
QTA-0099,REP-144,2023-07-01,410000,1.37
QTA-0100,REP-144,2023-10-01,140000,1.49
QTA-0101,REP-144,2024-01-01,450000,1.23
QTA-0102,REP-144,2024-04-01,200000,1.23
QTA-0103,REP-144,2024-07-01,940000,0.99
QTA-0104,REP-144,2024-10-01,490000,1.39
QTA-0105,REP-144,2025-01-01,460000,0.7
QTA-0106,REP-144,2025-04-01,810000,0.94
QTA-0107,REP-144,2025-07-01,940000,1.23
QTA-0108,REP-144,2025-10-01,580000,0.74
QTA-0109,REP-144,2026-01-01,990000,0.96
QTA-0110,REP-144,2026-04-01,330000,1.37
QTA-0111,REP-144,2026-07-01,550000,1.39
QTA-0112,REP-144,2026-10-01,1000000,0.99
QTA-0113,REP-123,2023-01-01,480000,1.33
QTA-0114,REP-123,2023-04-01,510000,0.75
QTA-0115,REP-123,2023-07-01,570000,1.33
QTA-0116,REP-123,2023-10-01,650000,0.93
QTA-0117,REP-123,2024-01-01,770000,0.65
QTA-0118,REP-123,2024-04-01,790000,1.22
QTA-0119,REP-123,2024-07-01,490000,0.57
QTA-0120,REP-123,2024-10-01,310000,0.99
QTA-0121,REP-123,2025-01-01,560000,1.38
QTA-0122,REP-123,2025-04-01,900000,0.56
QTA-0123,REP-123,2025-07-01,230000,1.23
QTA-0124,REP-123,2025-10-01,870000,1.0
QTA-0125,REP-123,2026-01-01,700000,0.67
QTA-0126,REP-123,2026-04-01,360000,1.21
QTA-0127,REP-123,2026-07-01,970000,1.07
QTA-0128,REP-123,2026-10-01,200000,1.13
QTA-0129,REP-022,2023-01-01,270000,0.7
QTA-0130,REP-022,2023-04-01,380000,1.08
QTA-0131,REP-022,2023-07-01,840000,1.33
QTA-0132,REP-022,2023-10-01,770000,1.4
QTA-0133,REP-022,2024-01-01,300000,0.62
QTA-0134,REP-022,2024-04-01,820000,1.29
QTA-0135,REP-022,2024-07-01,110000,0.96
QTA-0136,REP-022,2024-10-01,250000,0.71
QTA-0137,REP-022,2025-01-01,270000,1.16
QTA-0138,REP-022,2025-04-01,100000,0.79
QTA-0139,REP-022,2025-07-01,440000,1.45
QTA-0140,REP-022,2025-10-01,430000,1.42
QTA-0141,REP-022,2026-01-01,540000,0.92
QTA-0142,REP-022,2026-04-01,710000,0.57
QTA-0143,REP-022,2026-07-01,950000,0.77
QTA-0144,REP-022,2026-10-01,690000,1.15
QTA-0145,REP-041,2023-01-01,580000,0.89
QTA-0146,REP-041,2023-04-01,470000,0.82
QTA-0147,REP-041,2023-07-01,800000,1.09
QTA-0148,REP-041,2023-10-01,390000,1.08
QTA-0149,REP-041,2024-01-01,220000,0.9
QTA-0150,REP-041,2024-04-01,490000,0.87
QTA-0151,REP-041,2024-07-01,930000,0.9
QTA-0152,REP-041,2024-10-01,950000,1.45
QTA-0153,REP-041,2025-01-01,610000,1.43
QTA-0154,REP-041,2025-04-01,700000,1.22
QTA-0155,REP-041,2025-07-01,590000,0.9
QTA-0156,REP-041,2025-10-01,420000,0.98
QTA-0157,REP-041,2026-01-01,600000,0.55
QTA-0158,REP-041,2026-04-01,550000,0.63
QTA-0159,REP-041,2026-07-01,740000,1.17
QTA-0160,REP-041,2026-10-01,530000,1.35
QTA-0161,REP-032,2023-01-01,270000,1.09
QTA-0162,REP-032,2023-04-01,490000,0.83
QTA-0163,REP-032,2023-07-01,510000,1.43
QTA-0164,REP-032,2023-10-01,190000,0.99
QTA-0165,REP-032,2024-01-01,170000,0.79
QTA-0166,REP-032,2024-04-01,890000,1.04
QTA-0167,REP-032,2024-07-01,730000,1.03
QTA-0168,REP-032,2024-10-01,850000,1.06
QTA-0169,REP-032,2025-01-01,720000,1.5
QTA-0170,REP-032,2025-04-01,690000,0.86
QTA-0171,REP-032,2025-07-01,450000,0.64
QTA-0172,REP-032,2025-10-01,100000,0.93
QTA-0173,REP-032,2026-01-01,970000,1.2
QTA-0174,REP-032,2026-04-01,560000,1.19
QTA-0175,REP-032,2026-07-01,630000,1.39
QTA-0176,REP-032,2026-10-01,310000,1.09
QTA-0177,REP-134,2023-01-01,780000,0.97
QTA-0178,REP-134,2023-04-01,960000,0.73
QTA-0179,REP-134,2023-07-01,770000,0.93
QTA-0180,REP-134,2023-10-01,970000,0.78
QTA-0181,REP-134,2024-01-01,170000,0.88
QTA-0182,REP-134,2024-04-01,710000,0.64
QTA-0183,REP-134,2024-07-01,630000,1.36
QTA-0184,REP-134,2024-10-01,650000,0.7
QTA-0185,REP-134,2025-01-01,140000,0.75
QTA-0186,REP-134,2025-04-01,210000,0.76
QTA-0187,REP-134,2025-07-01,170000,0.69
QTA-0188,REP-134,2025-10-01,790000,1.2
QTA-0189,REP-134,2026-01-01,820000,1.32
QTA-0190,REP-134,2026-04-01,400000,0.74
QTA-0191,REP-134,2026-07-01,120000,1.4
QTA-0192,REP-134,2026-10-01,230000,1.42
QTA-0193,REP-072,2023-01-01,750000,0.76
QTA-0194,REP-072,2023-04-01,120000,0.9
QTA-0195,REP-072,2023-07-01,420000,1.0
QTA-0196,REP-072,2023-10-01,510000,0.84
QTA-0197,REP-072,2024-01-01,730000,0.82
QTA-0198,REP-072,2024-04-01,270000,1.2
QTA-0199,REP-072,2024-07-01,550000,0.65
QTA-0200,REP-072,2024-10-01,600000,0.6
QTA-0201,REP-072,2025-01-01,190000,0.78
QTA-0202,REP-072,2025-04-01,620000,1.11
QTA-0203,REP-072,2025-07-01,420000,0.85
QTA-0204,REP-072,2025-10-01,1000000,1.45
QTA-0205,REP-072,2026-01-01,370000,0.82
QTA-0206,REP-072,2026-04-01,670000,1.46
QTA-0207,REP-072,2026-07-01,790000,0.7
QTA-0208,REP-072,2026-10-01,740000,0.96
QTA-0209,REP-089,2023-01-01,210000,1.16
QTA-0210,REP-089,2023-04-01,520000,0.85
QTA-0211,REP-089,2023-07-01,600000,1.46
QTA-0212,REP-089,2023-10-01,890000,0.93
QTA-0213,REP-089,2024-01-01,410000,1.16
QTA-0214,REP-089,2024-04-01,360000,1.31
QTA-0215,REP-089,2024-07-01,790000,1.21
QTA-0216,REP-089,2024-10-01,830000,0.86
QTA-0217,REP-089,2025-01-01,780000,0.94
QTA-0218,REP-089,2025-04-01,420000,0.57
QTA-0219,REP-089,2025-07-01,930000,1.03
QTA-0220,REP-089,2025-10-01,280000,0.83
QTA-0221,REP-089,2026-01-01,970000,0.89
QTA-0222,REP-089,2026-04-01,150000,1.19
QTA-0223,REP-089,2026-07-01,860000,1.11
QTA-0224,REP-089,2026-10-01,840000,1.49
QTA-0225,REP-047,2023-01-01,650000,0.63
QTA-0226,REP-047,2023-04-01,640000,1.43
QTA-0227,REP-047,2023-07-01,490000,1.13
QTA-0228,REP-047,2023-10-01,630000,1.2
QTA-0229,REP-047,2024-01-01,310000,1.09
QTA-0230,REP-047,2024-04-01,600000,1.3
QTA-0231,REP-047,2024-07-01,970000,1.44
QTA-0232,REP-047,2024-10-01,460000,0.64
QTA-0233,REP-047,2025-01-01,770000,1.36
QTA-0234,REP-047,2025-04-01,240000,0.99
QTA-0235,REP-047,2025-07-01,850000,0.96
QTA-0236,REP-047,2025-10-01,650000,0.98
QTA-0237,REP-047,2026-01-01,870000,1.39
QTA-0238,REP-047,2026-04-01,160000,0.59
QTA-0239,REP-047,2026-07-01,100000,0.63
QTA-0240,REP-047,2026-10-01,730000,1.31
QTA-0241,REP-063,2023-01-01,870000,1.26
QTA-0242,REP-063,2023-04-01,960000,1.29
QTA-0243,REP-063,2023-07-01,890000,0.81
QTA-0244,REP-063,2023-10-01,960000,1.36
QTA-0245,REP-063,2024-01-01,110000,0.69
QTA-0246,REP-063,2024-04-01,940000,0.95
QTA-0247,REP-063,2024-07-01,220000,1.42
QTA-0248,REP-063,2024-10-01,250000,1.28
QTA-0249,REP-063,2025-01-01,560000,1.14
QTA-0250,REP-063,2025-04-01,830000,0.54
QTA-0251,REP-063,2025-07-01,450000,1.4
QTA-0252,REP-063,2025-10-01,580000,0.67
QTA-0253,REP-063,2026-01-01,490000,1.32
QTA-0254,REP-063,2026-04-01,440000,0.92
QTA-0255,REP-063,2026-07-01,330000,0.65
QTA-0256,REP-063,2026-10-01,220000,0.89
QTA-0257,REP-083,2023-01-01,640000,0.91
QTA-0258,REP-083,2023-04-01,900000,1.29
QTA-0259,REP-083,2023-07-01,870000,0.71
QTA-0260,REP-083,2023-10-01,960000,0.85
QTA-0261,REP-083,2024-01-01,760000,0.66
QTA-0262,REP-083,2024-04-01,340000,1.23
QTA-0263,REP-083,2024-07-01,590000,0.63
QTA-0264,REP-083,2024-10-01,400000,1.17
QTA-0265,REP-083,2025-01-01,210000,1.45
QTA-0266,REP-083,2025-04-01,110000,0.74
QTA-0267,REP-083,2025-07-01,920000,0.99
QTA-0268,REP-083,2025-10-01,500000,1.44
QTA-0269,REP-083,2026-01-01,860000,1.26
QTA-0270,REP-083,2026-04-01,460000,0.57
QTA-0271,REP-083,2026-07-01,450000,1.39
QTA-0272,REP-083,2026-10-01,170000,0.64
QTA-0273,REP-106,2023-01-01,460000,1.03
QTA-0274,REP-106,2023-04-01,340000,1.25
QTA-0275,REP-106,2023-07-01,540000,0.55
QTA-0276,REP-106,2023-10-01,450000,0.87
QTA-0277,REP-106,2024-01-01,860000,0.71
QTA-0278,REP-106,2024-04-01,410000,1.44
QTA-0279,REP-106,2024-07-01,750000,0.55
QTA-0280,REP-106,2024-10-01,840000,1.14
QTA-0281,REP-106,2025-01-01,820000,1.11
QTA-0282,REP-106,2025-04-01,690000,0.52
QTA-0283,REP-106,2025-07-01,430000,0.77
QTA-0284,REP-106,2025-10-01,480000,1.43
QTA-0285,REP-106,2026-01-01,350000,0.59
QTA-0286,REP-106,2026-04-01,890000,0.51
QTA-0287,REP-106,2026-07-01,710000,0.6
QTA-0288,REP-106,2026-10-01,810000,0.67
QTA-0289,REP-010,2023-01-01,960000,0.83
QTA-0290,REP-010,2023-04-01,980000,0.74
QTA-0291,REP-010,2023-07-01,260000,1.26
QTA-0292,REP-010,2023-10-01,720000,0.97
QTA-0293,REP-010,2024-01-01,920000,0.72
QTA-0294,REP-010,2024-04-01,650000,0.85
QTA-0295,REP-010,2024-07-01,420000,0.94
QTA-0296,REP-010,2024-10-01,180000,0.94
QTA-0297,REP-010,2025-01-01,660000,0.86
QTA-0298,REP-010,2025-04-01,380000,0.84
QTA-0299,REP-010,2025-07-01,490000,1.06
QTA-0300,REP-010,2025-10-01,230000,0.79
QTA-0301,REP-010,2026-01-01,220000,0.68
QTA-0302,REP-010,2026-04-01,590000,0.91
QTA-0303,REP-010,2026-07-01,230000,0.84
QTA-0304,REP-010,2026-10-01,970000,0.75
QTA-0305,REP-034,2023-01-01,370000,1.3
QTA-0306,REP-034,2023-04-01,830000,1.24
QTA-0307,REP-034,2023-07-01,260000,1.11
QTA-0308,REP-034,2023-10-01,320000,0.96
QTA-0309,REP-034,2024-01-01,160000,1.33
QTA-0310,REP-034,2024-04-01,180000,0.85
QTA-0311,REP-034,2024-07-01,920000,0.6
QTA-0312,REP-034,2024-10-01,420000,1.33
QTA-0313,REP-034,2025-01-01,380000,1.14
QTA-0314,REP-034,2025-04-01,820000,0.55
QTA-0315,REP-034,2025-07-01,300000,0.97
QTA-0316,REP-034,2025-10-01,790000,1.47
QTA-0317,REP-034,2026-01-01,920000,1.39
QTA-0318,REP-034,2026-04-01,740000,0.68
QTA-0319,REP-034,2026-07-01,460000,1.31
QTA-0320,REP-034,2026-10-01,700000,0.69
QTA-0321,REP-061,2023-01-01,1000000,1.38
QTA-0322,REP-061,2023-04-01,820000,0.57
QTA-0323,REP-061,2023-07-01,260000,1.1
QTA-0324,REP-061,2023-10-01,870000,1.36
QTA-0325,REP-061,2024-01-01,380000,0.95
QTA-0326,REP-061,2024-04-01,240000,1.19
QTA-0327,REP-061,2024-07-01,240000,0.65
QTA-0328,REP-061,2024-10-01,660000,0.85
QTA-0329,REP-061,2025-01-01,410000,1.07
QTA-0330,REP-061,2025-04-01,560000,0.82
QTA-0331,REP-061,2025-07-01,950000,1.42
QTA-0332,REP-061,2025-10-01,460000,1.3
QTA-0333,REP-061,2026-01-01,200000,1.29
QTA-0334,REP-061,2026-04-01,210000,0.92
QTA-0335,REP-061,2026-07-01,960000,0.69
QTA-0336,REP-061,2026-10-01,320000,0.53
QTA-0337,REP-054,2023-01-01,1000000,0.89
QTA-0338,REP-054,2023-04-01,930000,1.22
QTA-0339,REP-054,2023-07-01,510000,1.1
QTA-0340,REP-054,2023-10-01,150000,0.5
QTA-0341,REP-054,2024-01-01,450000,1.33
QTA-0342,REP-054,2024-04-01,340000,0.89
QTA-0343,REP-054,2024-07-01,370000,0.89
QTA-0344,REP-054,2024-10-01,470000,0.75
QTA-0345,REP-054,2025-01-01,300000,1.25
QTA-0346,REP-054,2025-04-01,820000,1.31
QTA-0347,REP-054,2025-07-01,630000,1.09
QTA-0348,REP-054,2025-10-01,420000,0.65
QTA-0349,REP-054,2026-01-01,980000,1.26
QTA-0350,REP-054,2026-04-01,1000000,0.51
QTA-0351,REP-054,2026-07-01,170000,0.96
QTA-0352,REP-054,2026-10-01,290000,0.67
QTA-0353,REP-020,2023-01-01,660000,0.9
QTA-0354,REP-020,2023-04-01,740000,0.74
QTA-0355,REP-020,2023-07-01,300000,0.96
QTA-0356,REP-020,2023-10-01,160000,1.35
QTA-0357,REP-020,2024-01-01,740000,1.4
QTA-0358,REP-020,2024-04-01,670000,1.42
QTA-0359,REP-020,2024-07-01,500000,1.17
QTA-0360,REP-020,2024-10-01,230000,0.56
QTA-0361,REP-020,2025-01-01,370000,0.69
QTA-0362,REP-020,2025-04-01,570000,0.72
QTA-0363,REP-020,2025-07-01,110000,0.54
QTA-0364,REP-020,2025-10-01,150000,1.4
QTA-0365,REP-020,2026-01-01,950000,0.92
QTA-0366,REP-020,2026-04-01,910000,1.48
QTA-0367,REP-020,2026-07-01,530000,1.01
QTA-0368,REP-020,2026-10-01,640000,1.15
QTA-0369,REP-105,2023-01-01,700000,1.43
QTA-0370,REP-105,2023-04-01,520000,0.78
QTA-0371,REP-105,2023-07-01,570000,1.05
QTA-0372,REP-105,2023-10-01,250000,0.98
QTA-0373,REP-105,2024-01-01,800000,1.16
QTA-0374,REP-105,2024-04-01,690000,1.15
QTA-0375,REP-105,2024-07-01,400000,0.79
QTA-0376,REP-105,2024-10-01,630000,1.14
QTA-0377,REP-105,2025-01-01,380000,0.68
QTA-0378,REP-105,2025-04-01,460000,1.32
QTA-0379,REP-105,2025-07-01,550000,1.15
QTA-0380,REP-105,2025-10-01,950000,0.91
QTA-0381,REP-105,2026-01-01,770000,0.79
QTA-0382,REP-105,2026-04-01,180000,0.83
QTA-0383,REP-105,2026-07-01,620000,1.23
QTA-0384,REP-105,2026-10-01,520000,0.62
QTA-0385,REP-042,2023-01-01,500000,1.0
QTA-0386,REP-042,2023-04-01,500000,1.47
QTA-0387,REP-042,2023-07-01,180000,1.32
QTA-0388,REP-042,2023-10-01,750000,0.87
QTA-0389,REP-042,2024-01-01,730000,0.9
QTA-0390,REP-042,2024-04-01,960000,0.89
QTA-0391,REP-042,2024-07-01,1000000,1.32
QTA-0392,REP-042,2024-10-01,560000,1.41
QTA-0393,REP-042,2025-01-01,620000,0.83
QTA-0394,REP-042,2025-04-01,620000,0.51
QTA-0395,REP-042,2025-07-01,910000,1.42
QTA-0396,REP-042,2025-10-01,390000,1.21
QTA-0397,REP-042,2026-01-01,670000,1.24
QTA-0398,REP-042,2026-04-01,290000,0.68
QTA-0399,REP-042,2026-07-01,600000,1.24
QTA-0400,REP-042,2026-10-01,760000,0.76
QTA-0401,REP-104,2023-01-01,270000,0.59
QTA-0402,REP-104,2023-04-01,820000,0.66
QTA-0403,REP-104,2023-07-01,260000,0.83
QTA-0404,REP-104,2023-10-01,430000,0.84
QTA-0405,REP-104,2024-01-01,710000,1.42
QTA-0406,REP-104,2024-04-01,910000,0.87
QTA-0407,REP-104,2024-07-01,350000,0.95
QTA-0408,REP-104,2024-10-01,260000,0.73
QTA-0409,REP-104,2025-01-01,600000,0.91
QTA-0410,REP-104,2025-04-01,440000,0.57
QTA-0411,REP-104,2025-07-01,280000,1.44
QTA-0412,REP-104,2025-10-01,490000,0.71
QTA-0413,REP-104,2026-01-01,330000,1.12
QTA-0414,REP-104,2026-04-01,700000,0.55
QTA-0415,REP-104,2026-07-01,190000,0.72
QTA-0416,REP-104,2026-10-01,720000,0.66
QTA-0417,REP-080,2023-01-01,850000,1.06
QTA-0418,REP-080,2023-04-01,250000,0.52
QTA-0419,REP-080,2023-07-01,350000,0.86
QTA-0420,REP-080,2023-10-01,290000,0.81
QTA-0421,REP-080,2024-01-01,950000,0.69
QTA-0422,REP-080,2024-04-01,290000,0.67
QTA-0423,REP-080,2024-07-01,910000,0.87
QTA-0424,REP-080,2024-10-01,210000,1.22
QTA-0425,REP-080,2025-01-01,960000,1.17
QTA-0426,REP-080,2025-04-01,490000,1.07
QTA-0427,REP-080,2025-07-01,270000,1.06
QTA-0428,REP-080,2025-10-01,130000,0.96
QTA-0429,REP-080,2026-01-01,650000,1.18
QTA-0430,REP-080,2026-04-01,950000,1.09
QTA-0431,REP-080,2026-07-01,520000,0.7
QTA-0432,REP-080,2026-10-01,160000,1.42
QTA-0433,REP-117,2023-01-01,690000,1.04
QTA-0434,REP-117,2023-04-01,370000,1.16
QTA-0435,REP-117,2023-07-01,940000,0.79
QTA-0436,REP-117,2023-10-01,730000,0.9
QTA-0437,REP-117,2024-01-01,970000,1.12
QTA-0438,REP-117,2024-04-01,160000,1.45
QTA-0439,REP-117,2024-07-01,660000,1.01
QTA-0440,REP-117,2024-10-01,490000,0.8
QTA-0441,REP-117,2025-01-01,650000,1.48
QTA-0442,REP-117,2025-04-01,580000,1.11
QTA-0443,REP-117,2025-07-01,980000,1.06
QTA-0444,REP-117,2025-10-01,650000,1.43
QTA-0445,REP-117,2026-01-01,100000,1.18
QTA-0446,REP-117,2026-04-01,820000,1.13
QTA-0447,REP-117,2026-07-01,360000,1.02
QTA-0448,REP-117,2026-10-01,740000,0.66
QTA-0449,REP-100,2023-01-01,970000,1.24
QTA-0450,REP-100,2023-04-01,120000,1.03
QTA-0451,REP-100,2023-07-01,520000,1.08
QTA-0452,REP-100,2023-10-01,520000,1.29
QTA-0453,REP-100,2024-01-01,640000,0.67
QTA-0454,REP-100,2024-04-01,710000,1.29
QTA-0455,REP-100,2024-07-01,580000,0.88
QTA-0456,REP-100,2024-10-01,280000,0.71
QTA-0457,REP-100,2025-01-01,280000,0.83
QTA-0458,REP-100,2025-04-01,300000,0.99
QTA-0459,REP-100,2025-07-01,900000,1.45
QTA-0460,REP-100,2025-10-01,620000,1.42
QTA-0461,REP-100,2026-01-01,870000,1.21
QTA-0462,REP-100,2026-04-01,700000,1.46
QTA-0463,REP-100,2026-07-01,970000,0.77
QTA-0464,REP-100,2026-10-01,320000,0.69
QTA-0465,REP-115,2023-01-01,960000,1.18
QTA-0466,REP-115,2023-04-01,420000,1.14
QTA-0467,REP-115,2023-07-01,650000,0.92
QTA-0468,REP-115,2023-10-01,230000,0.55
QTA-0469,REP-115,2024-01-01,220000,1.44
QTA-0470,REP-115,2024-04-01,480000,1.1
QTA-0471,REP-115,2024-07-01,590000,0.59
QTA-0472,REP-115,2024-10-01,160000,1.48
QTA-0473,REP-115,2025-01-01,750000,0.9
QTA-0474,REP-115,2025-04-01,740000,1.31
QTA-0475,REP-115,2025-07-01,590000,1.26
QTA-0476,REP-115,2025-10-01,760000,1.2
QTA-0477,REP-115,2026-01-01,700000,1.44
QTA-0478,REP-115,2026-04-01,880000,1.47
QTA-0479,REP-115,2026-07-01,440000,1.47
QTA-0480,REP-115,2026-10-01,870000,1.39
QTA-0481,REP-124,2023-01-01,420000,1.39
QTA-0482,REP-124,2023-04-01,410000,1.18
QTA-0483,REP-124,2023-07-01,930000,1.18
QTA-0484,REP-124,2023-10-01,890000,0.86
QTA-0485,REP-124,2024-01-01,760000,1.46
QTA-0486,REP-124,2024-04-01,890000,1.21
QTA-0487,REP-124,2024-07-01,630000,1.3
QTA-0488,REP-124,2024-10-01,390000,1.17
QTA-0489,REP-124,2025-01-01,440000,0.55
QTA-0490,REP-124,2025-04-01,810000,1.48
QTA-0491,REP-124,2025-07-01,390000,1.2
QTA-0492,REP-124,2025-10-01,400000,1.37
QTA-0493,REP-124,2026-01-01,790000,0.75
QTA-0494,REP-124,2026-04-01,130000,0.62
QTA-0495,REP-124,2026-07-01,840000,1.24
QTA-0496,REP-124,2026-10-01,440000,0.97
QTA-0497,REP-067,2023-01-01,840000,0.57
QTA-0498,REP-067,2023-04-01,270000,1.15
QTA-0499,REP-067,2023-07-01,360000,0.99
QTA-0500,REP-067,2023-10-01,730000,1.1
QTA-0501,REP-067,2024-01-01,410000,1.13
QTA-0502,REP-067,2024-04-01,880000,1.05
QTA-0503,REP-067,2024-07-01,100000,0.59
QTA-0504,REP-067,2024-10-01,960000,1.38
QTA-0505,REP-067,2025-01-01,300000,1.43
QTA-0506,REP-067,2025-04-01,130000,0.58
QTA-0507,REP-067,2025-07-01,370000,0.6
QTA-0508,REP-067,2025-10-01,560000,0.68
QTA-0509,REP-067,2026-01-01,100000,1.13
QTA-0510,REP-067,2026-04-01,400000,1.08
QTA-0511,REP-067,2026-07-01,560000,0.65
QTA-0512,REP-067,2026-10-01,190000,1.43
QTA-0513,REP-093,2023-01-01,410000,1.31
QTA-0514,REP-093,2023-04-01,600000,1.14
QTA-0515,REP-093,2023-07-01,970000,0.72
QTA-0516,REP-093,2023-10-01,180000,0.79
QTA-0517,REP-093,2024-01-01,100000,1.09
QTA-0518,REP-093,2024-04-01,320000,0.58
QTA-0519,REP-093,2024-07-01,720000,0.55
QTA-0520,REP-093,2024-10-01,410000,0.62
QTA-0521,REP-093,2025-01-01,860000,1.42
QTA-0522,REP-093,2025-04-01,710000,0.69
QTA-0523,REP-093,2025-07-01,240000,0.68
QTA-0524,REP-093,2025-10-01,540000,1.1
QTA-0525,REP-093,2026-01-01,410000,0.6
QTA-0526,REP-093,2026-04-01,680000,0.99
QTA-0527,REP-093,2026-07-01,500000,0.9
QTA-0528,REP-093,2026-10-01,830000,1.2
QTA-0529,REP-060,2023-01-01,110000,0.51
QTA-0530,REP-060,2023-04-01,100000,1.19
QTA-0531,REP-060,2023-07-01,930000,1.08
QTA-0532,REP-060,2023-10-01,200000,1.45
QTA-0533,REP-060,2024-01-01,580000,1.37
QTA-0534,REP-060,2024-04-01,370000,1.32
QTA-0535,REP-060,2024-07-01,320000,1.44
QTA-0536,REP-060,2024-10-01,490000,1.03
QTA-0537,REP-060,2025-01-01,420000,1.49
QTA-0538,REP-060,2025-04-01,750000,1.41
QTA-0539,REP-060,2025-07-01,710000,0.61
QTA-0540,REP-060,2025-10-01,190000,0.81
QTA-0541,REP-060,2026-01-01,730000,0.8
QTA-0542,REP-060,2026-04-01,890000,0.62
QTA-0543,REP-060,2026-07-01,690000,1.48
QTA-0544,REP-060,2026-10-01,170000,1.4
QTA-0545,REP-146,2023-01-01,980000,1.05
QTA-0546,REP-146,2023-04-01,110000,0.63
QTA-0547,REP-146,2023-07-01,280000,1.03
QTA-0548,REP-146,2023-10-01,330000,1.41
QTA-0549,REP-146,2024-01-01,420000,0.55
QTA-0550,REP-146,2024-04-01,890000,0.74
QTA-0551,REP-146,2024-07-01,760000,0.51
QTA-0552,REP-146,2024-10-01,790000,1.43
QTA-0553,REP-146,2025-01-01,350000,0.78
QTA-0554,REP-146,2025-04-01,820000,1.14
QTA-0555,REP-146,2025-07-01,320000,1.34
QTA-0556,REP-146,2025-10-01,310000,0.61
QTA-0557,REP-146,2026-01-01,950000,1.18
QTA-0558,REP-146,2026-04-01,130000,0.87
QTA-0559,REP-146,2026-07-01,860000,1.37
QTA-0560,REP-146,2026-10-01,370000,0.68
QTA-0561,REP-015,2023-01-01,990000,0.58
QTA-0562,REP-015,2023-04-01,390000,0.64
QTA-0563,REP-015,2023-07-01,540000,0.69
QTA-0564,REP-015,2023-10-01,670000,0.88
QTA-0565,REP-015,2024-01-01,560000,0.65
QTA-0566,REP-015,2024-04-01,150000,1.38
QTA-0567,REP-015,2024-07-01,210000,0.72
QTA-0568,REP-015,2024-10-01,220000,0.94
QTA-0569,REP-015,2025-01-01,820000,0.85
QTA-0570,REP-015,2025-04-01,470000,0.67
QTA-0571,REP-015,2025-07-01,370000,0.67
QTA-0572,REP-015,2025-10-01,590000,0.99
QTA-0573,REP-015,2026-01-01,130000,0.6
QTA-0574,REP-015,2026-04-01,200000,0.9
QTA-0575,REP-015,2026-07-01,740000,0.61
QTA-0576,REP-015,2026-10-01,650000,1.49
QTA-0577,REP-059,2023-01-01,690000,1.29
QTA-0578,REP-059,2023-04-01,780000,0.91
QTA-0579,REP-059,2023-07-01,270000,1.45
QTA-0580,REP-059,2023-10-01,100000,0.68
QTA-0581,REP-059,2024-01-01,220000,0.83
QTA-0582,REP-059,2024-04-01,740000,0.9
QTA-0583,REP-059,2024-07-01,420000,1.25
QTA-0584,REP-059,2024-10-01,650000,0.94
QTA-0585,REP-059,2025-01-01,120000,0.67
QTA-0586,REP-059,2025-04-01,150000,1.11
QTA-0587,REP-059,2025-07-01,480000,0.58
QTA-0588,REP-059,2025-10-01,970000,1.31
QTA-0589,REP-059,2026-01-01,530000,0.71
QTA-0590,REP-059,2026-04-01,120000,0.78
QTA-0591,REP-059,2026-07-01,960000,0.51
QTA-0592,REP-059,2026-10-01,350000,0.58
QTA-0593,REP-136,2023-01-01,760000,0.78
QTA-0594,REP-136,2023-04-01,190000,0.56
QTA-0595,REP-136,2023-07-01,530000,0.53
QTA-0596,REP-136,2023-10-01,510000,1.3
QTA-0597,REP-136,2024-01-01,100000,1.03
QTA-0598,REP-136,2024-04-01,740000,0.82
QTA-0599,REP-136,2024-07-01,800000,0.79
QTA-0600,REP-136,2024-10-01,720000,0.95
QTA-0601,REP-136,2025-01-01,390000,1.28
QTA-0602,REP-136,2025-04-01,740000,0.75
QTA-0603,REP-136,2025-07-01,670000,1.11
QTA-0604,REP-136,2025-10-01,160000,1.23
QTA-0605,REP-136,2026-01-01,810000,1.16
QTA-0606,REP-136,2026-04-01,390000,1.5
QTA-0607,REP-136,2026-07-01,930000,0.95
QTA-0608,REP-136,2026-10-01,440000,1.16
QTA-0609,REP-058,2023-01-01,150000,0.84
QTA-0610,REP-058,2023-04-01,750000,0.73
QTA-0611,REP-058,2023-07-01,510000,1.22
QTA-0612,REP-058,2023-10-01,100000,0.58
QTA-0613,REP-058,2024-01-01,300000,0.94
QTA-0614,REP-058,2024-04-01,680000,1.14
QTA-0615,REP-058,2024-07-01,660000,0.74
QTA-0616,REP-058,2024-10-01,270000,1.05
QTA-0617,REP-058,2025-01-01,820000,0.53
QTA-0618,REP-058,2025-04-01,980000,1.05
QTA-0619,REP-058,2025-07-01,400000,0.63
QTA-0620,REP-058,2025-10-01,560000,0.61
QTA-0621,REP-058,2026-01-01,300000,0.56
QTA-0622,REP-058,2026-04-01,340000,0.76
QTA-0623,REP-058,2026-07-01,640000,1.4
QTA-0624,REP-058,2026-10-01,590000,1.03
QTA-0625,REP-102,2023-01-01,190000,1.39
QTA-0626,REP-102,2023-04-01,860000,0.54
QTA-0627,REP-102,2023-07-01,130000,0.68
QTA-0628,REP-102,2023-10-01,150000,0.9
QTA-0629,REP-102,2024-01-01,180000,0.57
QTA-0630,REP-102,2024-04-01,700000,1.14
QTA-0631,REP-102,2024-07-01,440000,1.36
QTA-0632,REP-102,2024-10-01,700000,1.3
QTA-0633,REP-102,2025-01-01,210000,0.96
QTA-0634,REP-102,2025-04-01,950000,0.89
QTA-0635,REP-102,2025-07-01,790000,0.85
QTA-0636,REP-102,2025-10-01,660000,1.07
QTA-0637,REP-102,2026-01-01,750000,1.06
QTA-0638,REP-102,2026-04-01,340000,1.13
QTA-0639,REP-102,2026-07-01,210000,0.66
QTA-0640,REP-102,2026-10-01,420000,1.33
QTA-0641,REP-120,2023-01-01,670000,1.24
QTA-0642,REP-120,2023-04-01,870000,0.53
QTA-0643,REP-120,2023-07-01,910000,0.8
QTA-0644,REP-120,2023-10-01,970000,0.58
QTA-0645,REP-120,2024-01-01,410000,1.04
QTA-0646,REP-120,2024-04-01,940000,1.02
QTA-0647,REP-120,2024-07-01,830000,0.56
QTA-0648,REP-120,2024-10-01,250000,0.6
QTA-0649,REP-120,2025-01-01,450000,1.32
QTA-0650,REP-120,2025-04-01,520000,1.2
QTA-0651,REP-120,2025-07-01,730000,1.3
QTA-0652,REP-120,2025-10-01,610000,0.96
QTA-0653,REP-120,2026-01-01,630000,1.4
QTA-0654,REP-120,2026-04-01,840000,1.36
QTA-0655,REP-120,2026-07-01,260000,0.77
QTA-0656,REP-120,2026-10-01,610000,1.24
QTA-0657,REP-004,2023-01-01,220000,0.98
QTA-0658,REP-004,2023-04-01,820000,0.65
QTA-0659,REP-004,2023-07-01,220000,0.95
QTA-0660,REP-004,2023-10-01,490000,0.83
QTA-0661,REP-004,2024-01-01,710000,1.37
QTA-0662,REP-004,2024-04-01,690000,1.26
QTA-0663,REP-004,2024-07-01,150000,0.63
QTA-0664,REP-004,2024-10-01,290000,1.17
QTA-0665,REP-004,2025-01-01,810000,0.5
QTA-0666,REP-004,2025-04-01,1000000,1.49
QTA-0667,REP-004,2025-07-01,390000,0.81
QTA-0668,REP-004,2025-10-01,740000,1.37
QTA-0669,REP-004,2026-01-01,660000,0.96
QTA-0670,REP-004,2026-04-01,270000,0.82
QTA-0671,REP-004,2026-07-01,340000,1.23
QTA-0672,REP-004,2026-10-01,170000,1.12
QTA-0673,REP-026,2023-01-01,550000,1.14
QTA-0674,REP-026,2023-04-01,920000,1.19
QTA-0675,REP-026,2023-07-01,780000,0.77
QTA-0676,REP-026,2023-10-01,820000,1.06
QTA-0677,REP-026,2024-01-01,400000,0.86
QTA-0678,REP-026,2024-04-01,740000,1.0
QTA-0679,REP-026,2024-07-01,680000,1.46
QTA-0680,REP-026,2024-10-01,890000,1.11
QTA-0681,REP-026,2025-01-01,340000,0.71
QTA-0682,REP-026,2025-04-01,530000,1.2
QTA-0683,REP-026,2025-07-01,970000,1.13
QTA-0684,REP-026,2025-10-01,300000,1.2
QTA-0685,REP-026,2026-01-01,420000,0.53
QTA-0686,REP-026,2026-04-01,880000,0.74
QTA-0687,REP-026,2026-07-01,740000,0.9
QTA-0688,REP-026,2026-10-01,640000,0.7
QTA-0689,REP-142,2023-01-01,870000,1.3
QTA-0690,REP-142,2023-04-01,490000,1.27
QTA-0691,REP-142,2023-07-01,460000,1.03
QTA-0692,REP-142,2023-10-01,440000,0.64
QTA-0693,REP-142,2024-01-01,680000,0.75
QTA-0694,REP-142,2024-04-01,810000,0.73
QTA-0695,REP-142,2024-07-01,600000,1.3
QTA-0696,REP-142,2024-10-01,540000,0.63
QTA-0697,REP-142,2025-01-01,400000,1.1
QTA-0698,REP-142,2025-04-01,800000,1.23
QTA-0699,REP-142,2025-07-01,630000,1.16
QTA-0700,REP-142,2025-10-01,610000,0.67
QTA-0701,REP-142,2026-01-01,290000,0.97
QTA-0702,REP-142,2026-04-01,520000,1.47
QTA-0703,REP-142,2026-07-01,380000,1.33
QTA-0704,REP-142,2026-10-01,490000,1.39
QTA-0705,REP-108,2023-01-01,590000,1.13
QTA-0706,REP-108,2023-04-01,170000,1.35
QTA-0707,REP-108,2023-07-01,620000,0.92
QTA-0708,REP-108,2023-10-01,410000,0.77
QTA-0709,REP-108,2024-01-01,170000,0.62
QTA-0710,REP-108,2024-04-01,980000,1.38
QTA-0711,REP-108,2024-07-01,210000,0.87
QTA-0712,REP-108,2024-10-01,980000,0.7
QTA-0713,REP-108,2025-01-01,980000,1.48
QTA-0714,REP-108,2025-04-01,320000,1.47
QTA-0715,REP-108,2025-07-01,630000,0.71
QTA-0716,REP-108,2025-10-01,310000,1.3
QTA-0717,REP-108,2026-01-01,770000,1.06
QTA-0718,REP-108,2026-04-01,330000,1.39
QTA-0719,REP-108,2026-07-01,340000,0.86
QTA-0720,REP-108,2026-10-01,140000,0.78
QTA-0721,REP-002,2023-01-01,440000,0.86
QTA-0722,REP-002,2023-04-01,250000,1.24
QTA-0723,REP-002,2023-07-01,930000,1.44
QTA-0724,REP-002,2023-10-01,360000,0.77
QTA-0725,REP-002,2024-01-01,470000,1.43
QTA-0726,REP-002,2024-04-01,200000,0.58
QTA-0727,REP-002,2024-07-01,690000,0.84
QTA-0728,REP-002,2024-10-01,830000,0.76
QTA-0729,REP-002,2025-01-01,820000,0.83
QTA-0730,REP-002,2025-04-01,920000,0.79
QTA-0731,REP-002,2025-07-01,200000,1.13
QTA-0732,REP-002,2025-10-01,780000,1.22
QTA-0733,REP-002,2026-01-01,320000,1.36
QTA-0734,REP-002,2026-04-01,480000,0.88
QTA-0735,REP-002,2026-07-01,740000,0.61
QTA-0736,REP-002,2026-10-01,560000,0.57
QTA-0737,REP-071,2023-01-01,890000,0.61
QTA-0738,REP-071,2023-04-01,620000,0.77
QTA-0739,REP-071,2023-07-01,720000,1.14
QTA-0740,REP-071,2023-10-01,320000,1.4
QTA-0741,REP-071,2024-01-01,940000,0.89
QTA-0742,REP-071,2024-04-01,320000,1.09
QTA-0743,REP-071,2024-07-01,740000,1.49
QTA-0744,REP-071,2024-10-01,320000,0.75
QTA-0745,REP-071,2025-01-01,360000,0.82
QTA-0746,REP-071,2025-04-01,930000,1.41
QTA-0747,REP-071,2025-07-01,890000,1.03
QTA-0748,REP-071,2025-10-01,730000,0.87
QTA-0749,REP-071,2026-01-01,920000,1.07
QTA-0750,REP-071,2026-04-01,250000,0.86
QTA-0751,REP-071,2026-07-01,100000,0.56
QTA-0752,REP-071,2026-10-01,500000,1.31
QTA-0753,REP-068,2023-01-01,430000,0.87
QTA-0754,REP-068,2023-04-01,930000,0.58
QTA-0755,REP-068,2023-07-01,770000,0.72
QTA-0756,REP-068,2023-10-01,450000,0.98
QTA-0757,REP-068,2024-01-01,820000,0.68
QTA-0758,REP-068,2024-04-01,970000,1.4
QTA-0759,REP-068,2024-07-01,160000,0.84
QTA-0760,REP-068,2024-10-01,690000,1.31
QTA-0761,REP-068,2025-01-01,810000,0.67
QTA-0762,REP-068,2025-04-01,510000,1.24
QTA-0763,REP-068,2025-07-01,190000,0.53
QTA-0764,REP-068,2025-10-01,740000,0.59
QTA-0765,REP-068,2026-01-01,420000,0.9
QTA-0766,REP-068,2026-04-01,480000,1.4
QTA-0767,REP-068,2026-07-01,400000,1.24
QTA-0768,REP-068,2026-10-01,780000,1.14
QTA-0769,REP-069,2023-01-01,590000,1.44
QTA-0770,REP-069,2023-04-01,490000,0.71
QTA-0771,REP-069,2023-07-01,160000,1.49
QTA-0772,REP-069,2023-10-01,910000,0.57
QTA-0773,REP-069,2024-01-01,440000,1.13
QTA-0774,REP-069,2024-04-01,110000,0.93
QTA-0775,REP-069,2024-07-01,850000,0.89
QTA-0776,REP-069,2024-10-01,130000,0.88
QTA-0777,REP-069,2025-01-01,860000,1.13
QTA-0778,REP-069,2025-04-01,410000,1.25
QTA-0779,REP-069,2025-07-01,490000,1.11
QTA-0780,REP-069,2025-10-01,280000,1.3
QTA-0781,REP-069,2026-01-01,180000,1.02
QTA-0782,REP-069,2026-04-01,720000,1.1
QTA-0783,REP-069,2026-07-01,990000,1.13
QTA-0784,REP-069,2026-10-01,590000,0.84
QTA-0785,REP-145,2023-01-01,640000,0.58
QTA-0786,REP-145,2023-04-01,440000,0.94
QTA-0787,REP-145,2023-07-01,540000,1.08
QTA-0788,REP-145,2023-10-01,230000,0.61
QTA-0789,REP-145,2024-01-01,310000,0.82
QTA-0790,REP-145,2024-04-01,270000,1.23
QTA-0791,REP-145,2024-07-01,340000,0.58
QTA-0792,REP-145,2024-10-01,150000,0.5
QTA-0793,REP-145,2025-01-01,420000,1.26
QTA-0794,REP-145,2025-04-01,330000,1.41
QTA-0795,REP-145,2025-07-01,710000,0.67
QTA-0796,REP-145,2025-10-01,890000,1.04
QTA-0797,REP-145,2026-01-01,750000,1.46
QTA-0798,REP-145,2026-04-01,910000,0.63
QTA-0799,REP-145,2026-07-01,320000,0.56
QTA-0800,REP-145,2026-10-01,600000,1.39
QTA-0801,REP-056,2023-01-01,430000,1.25
QTA-0802,REP-056,2023-04-01,880000,1.05
QTA-0803,REP-056,2023-07-01,280000,0.87
QTA-0804,REP-056,2023-10-01,690000,1.12
QTA-0805,REP-056,2024-01-01,580000,1.12
QTA-0806,REP-056,2024-04-01,910000,1.25
QTA-0807,REP-056,2024-07-01,670000,1.01
QTA-0808,REP-056,2024-10-01,430000,0.66
QTA-0809,REP-056,2025-01-01,170000,1.15
QTA-0810,REP-056,2025-04-01,460000,0.58
QTA-0811,REP-056,2025-07-01,440000,0.64
QTA-0812,REP-056,2025-10-01,600000,0.51
QTA-0813,REP-056,2026-01-01,700000,0.72
QTA-0814,REP-056,2026-04-01,720000,0.67
QTA-0815,REP-056,2026-07-01,1000000,1.34
QTA-0816,REP-056,2026-10-01,640000,0.57
QTA-0817,REP-150,2023-01-01,550000,1.08
QTA-0818,REP-150,2023-04-01,310000,1.02
QTA-0819,REP-150,2023-07-01,510000,1.24
QTA-0820,REP-150,2023-10-01,1000000,1.37
QTA-0821,REP-150,2024-01-01,440000,0.96
QTA-0822,REP-150,2024-04-01,510000,1.16
QTA-0823,REP-150,2024-07-01,990000,0.94
QTA-0824,REP-150,2024-10-01,720000,1.2
QTA-0825,REP-150,2025-01-01,870000,1.0
QTA-0826,REP-150,2025-04-01,850000,0.73
QTA-0827,REP-150,2025-07-01,530000,0.81
QTA-0828,REP-150,2025-10-01,710000,1.07
QTA-0829,REP-150,2026-01-01,940000,1.32
QTA-0830,REP-150,2026-04-01,920000,1.03
QTA-0831,REP-150,2026-07-01,360000,0.89
QTA-0832,REP-150,2026-10-01,650000,0.52
QTA-0833,REP-078,2023-01-01,490000,1.22
QTA-0834,REP-078,2023-04-01,220000,0.54
QTA-0835,REP-078,2023-07-01,850000,0.72
QTA-0836,REP-078,2023-10-01,440000,1.23
QTA-0837,REP-078,2024-01-01,780000,0.6
QTA-0838,REP-078,2024-04-01,100000,1.27
QTA-0839,REP-078,2024-07-01,390000,1.07
QTA-0840,REP-078,2024-10-01,400000,0.84
QTA-0841,REP-078,2025-01-01,650000,1.24
QTA-0842,REP-078,2025-04-01,270000,1.03
QTA-0843,REP-078,2025-07-01,800000,1.13
QTA-0844,REP-078,2025-10-01,890000,1.13
QTA-0845,REP-078,2026-01-01,590000,0.93
QTA-0846,REP-078,2026-04-01,110000,1.35
QTA-0847,REP-078,2026-07-01,630000,0.71
QTA-0848,REP-078,2026-10-01,490000,1.18
QTA-0849,REP-037,2023-01-01,600000,0.52
QTA-0850,REP-037,2023-04-01,720000,0.83
QTA-0851,REP-037,2023-07-01,200000,1.3
QTA-0852,REP-037,2023-10-01,210000,0.56
QTA-0853,REP-037,2024-01-01,740000,0.79
QTA-0854,REP-037,2024-04-01,590000,0.67
QTA-0855,REP-037,2024-07-01,270000,0.88
QTA-0856,REP-037,2024-10-01,930000,0.79
QTA-0857,REP-037,2025-01-01,230000,1.03
QTA-0858,REP-037,2025-04-01,260000,1.35
QTA-0859,REP-037,2025-07-01,540000,1.08
QTA-0860,REP-037,2025-10-01,170000,1.0
QTA-0861,REP-037,2026-01-01,870000,1.13
QTA-0862,REP-037,2026-04-01,510000,0.91
QTA-0863,REP-037,2026-07-01,400000,0.84
QTA-0864,REP-037,2026-10-01,450000,1.14
QTA-0865,REP-009,2023-01-01,700000,1.27
QTA-0866,REP-009,2023-04-01,850000,0.83
QTA-0867,REP-009,2023-07-01,670000,1.22
QTA-0868,REP-009,2023-10-01,630000,1.42
QTA-0869,REP-009,2024-01-01,560000,1.27
QTA-0870,REP-009,2024-04-01,510000,0.96
QTA-0871,REP-009,2024-07-01,380000,0.99
QTA-0872,REP-009,2024-10-01,420000,1.06
QTA-0873,REP-009,2025-01-01,550000,1.23
QTA-0874,REP-009,2025-04-01,290000,0.83
QTA-0875,REP-009,2025-07-01,310000,0.67
QTA-0876,REP-009,2025-10-01,520000,1.44
QTA-0877,REP-009,2026-01-01,800000,1.33
QTA-0878,REP-009,2026-04-01,630000,0.96
QTA-0879,REP-009,2026-07-01,850000,1.35
QTA-0880,REP-009,2026-10-01,160000,0.58
QTA-0881,REP-143,2023-01-01,720000,1.31
QTA-0882,REP-143,2023-04-01,310000,1.35
QTA-0883,REP-143,2023-07-01,710000,1.09
QTA-0884,REP-143,2023-10-01,910000,1.41
QTA-0885,REP-143,2024-01-01,890000,0.77
QTA-0886,REP-143,2024-04-01,970000,1.26
QTA-0887,REP-143,2024-07-01,640000,0.83
QTA-0888,REP-143,2024-10-01,300000,0.71
QTA-0889,REP-143,2025-01-01,890000,0.9
QTA-0890,REP-143,2025-04-01,420000,1.18
QTA-0891,REP-143,2025-07-01,840000,1.45
QTA-0892,REP-143,2025-10-01,820000,1.12
QTA-0893,REP-143,2026-01-01,280000,0.56
QTA-0894,REP-143,2026-04-01,380000,1.16
QTA-0895,REP-143,2026-07-01,530000,0.77
QTA-0896,REP-143,2026-10-01,660000,0.5
QTA-0897,REP-044,2023-01-01,810000,0.76
QTA-0898,REP-044,2023-04-01,210000,0.84
QTA-0899,REP-044,2023-07-01,200000,1.44
QTA-0900,REP-044,2023-10-01,460000,0.64
QTA-0901,REP-044,2024-01-01,820000,1.24
QTA-0902,REP-044,2024-04-01,700000,1.39
QTA-0903,REP-044,2024-07-01,380000,1.34
QTA-0904,REP-044,2024-10-01,790000,0.84
QTA-0905,REP-044,2025-01-01,1000000,1.49
QTA-0906,REP-044,2025-04-01,960000,1.44
QTA-0907,REP-044,2025-07-01,710000,0.88
QTA-0908,REP-044,2025-10-01,410000,0.83
QTA-0909,REP-044,2026-01-01,880000,0.78
QTA-0910,REP-044,2026-04-01,190000,0.81
QTA-0911,REP-044,2026-07-01,650000,1.25
QTA-0912,REP-044,2026-10-01,120000,0.77
QTA-0913,REP-127,2023-01-01,750000,0.85
QTA-0914,REP-127,2023-04-01,120000,0.9
QTA-0915,REP-127,2023-07-01,410000,0.7
QTA-0916,REP-127,2023-10-01,620000,0.58
QTA-0917,REP-127,2024-01-01,770000,1.1
QTA-0918,REP-127,2024-04-01,770000,1.0
QTA-0919,REP-127,2024-07-01,670000,0.64
QTA-0920,REP-127,2024-10-01,320000,1.15
QTA-0921,REP-127,2025-01-01,540000,1.5
QTA-0922,REP-127,2025-04-01,340000,1.16
QTA-0923,REP-127,2025-07-01,980000,1.01
QTA-0924,REP-127,2025-10-01,460000,0.6
QTA-0925,REP-127,2026-01-01,880000,0.57
QTA-0926,REP-127,2026-04-01,200000,1.3
QTA-0927,REP-127,2026-07-01,590000,0.55
QTA-0928,REP-127,2026-10-01,410000,0.7
QTA-0929,REP-107,2023-01-01,960000,0.73
QTA-0930,REP-107,2023-04-01,740000,1.32
QTA-0931,REP-107,2023-07-01,470000,0.78
QTA-0932,REP-107,2023-10-01,770000,1.15
QTA-0933,REP-107,2024-01-01,410000,0.92
QTA-0934,REP-107,2024-04-01,650000,0.55
QTA-0935,REP-107,2024-07-01,330000,1.18
QTA-0936,REP-107,2024-10-01,900000,1.1
QTA-0937,REP-107,2025-01-01,350000,0.59
QTA-0938,REP-107,2025-04-01,700000,1.41
QTA-0939,REP-107,2025-07-01,790000,0.55
QTA-0940,REP-107,2025-10-01,300000,1.18
QTA-0941,REP-107,2026-01-01,180000,0.53
QTA-0942,REP-107,2026-04-01,400000,1.43
QTA-0943,REP-107,2026-07-01,720000,1.22
QTA-0944,REP-107,2026-10-01,620000,1.0
QTA-0945,REP-036,2023-01-01,680000,1.28
QTA-0946,REP-036,2023-04-01,680000,0.74
QTA-0947,REP-036,2023-07-01,630000,0.84
QTA-0948,REP-036,2023-10-01,680000,0.88
QTA-0949,REP-036,2024-01-01,550000,0.85
QTA-0950,REP-036,2024-04-01,520000,1.12
QTA-0951,REP-036,2024-07-01,170000,0.71
QTA-0952,REP-036,2024-10-01,740000,0.61
QTA-0953,REP-036,2025-01-01,520000,1.31
QTA-0954,REP-036,2025-04-01,990000,0.75
QTA-0955,REP-036,2025-07-01,550000,1.27
QTA-0956,REP-036,2025-10-01,240000,0.61
QTA-0957,REP-036,2026-01-01,160000,0.64
QTA-0958,REP-036,2026-04-01,890000,0.7
QTA-0959,REP-036,2026-07-01,500000,0.87
QTA-0960,REP-036,2026-10-01,400000,1.32
QTA-0961,REP-149,2023-01-01,780000,1.12
QTA-0962,REP-149,2023-04-01,270000,0.69
QTA-0963,REP-149,2023-07-01,410000,0.69
QTA-0964,REP-149,2023-10-01,200000,0.71
QTA-0965,REP-149,2024-01-01,960000,1.25
QTA-0966,REP-149,2024-04-01,180000,0.81
QTA-0967,REP-149,2024-07-01,930000,1.02
QTA-0968,REP-149,2024-10-01,530000,1.25
QTA-0969,REP-149,2025-01-01,130000,0.96
QTA-0970,REP-149,2025-04-01,280000,0.88
QTA-0971,REP-149,2025-07-01,120000,0.93
QTA-0972,REP-149,2025-10-01,640000,0.51
QTA-0973,REP-149,2026-01-01,660000,0.78
QTA-0974,REP-149,2026-04-01,230000,0.82
QTA-0975,REP-149,2026-07-01,250000,1.25
QTA-0976,REP-149,2026-10-01,480000,0.81
QTA-0977,REP-029,2023-01-01,740000,0.98
QTA-0978,REP-029,2023-04-01,300000,0.61
QTA-0979,REP-029,2023-07-01,630000,1.46
QTA-0980,REP-029,2023-10-01,810000,1.48
QTA-0981,REP-029,2024-01-01,420000,1.16
QTA-0982,REP-029,2024-04-01,680000,1.2
QTA-0983,REP-029,2024-07-01,840000,0.95
QTA-0984,REP-029,2024-10-01,160000,0.67
QTA-0985,REP-029,2025-01-01,460000,0.55
QTA-0986,REP-029,2025-04-01,820000,0.83
QTA-0987,REP-029,2025-07-01,710000,1.42
QTA-0988,REP-029,2025-10-01,540000,0.67
QTA-0989,REP-029,2026-01-01,140000,0.66
QTA-0990,REP-029,2026-04-01,560000,1.01
QTA-0991,REP-029,2026-07-01,360000,0.95
QTA-0992,REP-029,2026-10-01,240000,0.66
QTA-0993,REP-109,2023-01-01,790000,0.68
QTA-0994,REP-109,2023-04-01,430000,1.03
QTA-0995,REP-109,2023-07-01,810000,1.1
QTA-0996,REP-109,2023-10-01,200000,1.09
QTA-0997,REP-109,2024-01-01,850000,1.45
QTA-0998,REP-109,2024-04-01,480000,1.33
QTA-0999,REP-109,2024-07-01,550000,1.45
QTA-1000,REP-109,2024-10-01,590000,1.18
QTA-1001,REP-109,2025-01-01,520000,1.12
QTA-1002,REP-109,2025-04-01,180000,1.25
QTA-1003,REP-109,2025-07-01,990000,1.08
QTA-1004,REP-109,2025-10-01,500000,1.34
QTA-1005,REP-109,2026-01-01,600000,1.16
QTA-1006,REP-109,2026-04-01,470000,1.5
QTA-1007,REP-109,2026-07-01,650000,0.75
QTA-1008,REP-109,2026-10-01,510000,0.64
QTA-1009,REP-007,2023-01-01,840000,0.51
QTA-1010,REP-007,2023-04-01,430000,0.57
QTA-1011,REP-007,2023-07-01,570000,0.67
QTA-1012,REP-007,2023-10-01,290000,1.48
QTA-1013,REP-007,2024-01-01,770000,0.88
QTA-1014,REP-007,2024-04-01,780000,0.87
QTA-1015,REP-007,2024-07-01,420000,0.99
QTA-1016,REP-007,2024-10-01,110000,1.29
QTA-1017,REP-007,2025-01-01,740000,1.09
QTA-1018,REP-007,2025-04-01,720000,1.1
QTA-1019,REP-007,2025-07-01,540000,1.26
QTA-1020,REP-007,2025-10-01,250000,1.39
QTA-1021,REP-007,2026-01-01,480000,0.88
QTA-1022,REP-007,2026-04-01,150000,1.25
QTA-1023,REP-007,2026-07-01,880000,1.18
QTA-1024,REP-007,2026-10-01,390000,0.92
QTA-1025,REP-057,2023-01-01,280000,1.26
QTA-1026,REP-057,2023-04-01,530000,1.4
QTA-1027,REP-057,2023-07-01,260000,1.41
QTA-1028,REP-057,2023-10-01,990000,0.53
QTA-1029,REP-057,2024-01-01,980000,0.81
QTA-1030,REP-057,2024-04-01,190000,0.96
QTA-1031,REP-057,2024-07-01,140000,1.33
QTA-1032,REP-057,2024-10-01,730000,0.74
QTA-1033,REP-057,2025-01-01,990000,1.35
QTA-1034,REP-057,2025-04-01,150000,1.17
QTA-1035,REP-057,2025-07-01,230000,0.91
QTA-1036,REP-057,2025-10-01,380000,1.16
QTA-1037,REP-057,2026-01-01,110000,1.25
QTA-1038,REP-057,2026-04-01,850000,1.12
QTA-1039,REP-057,2026-07-01,970000,1.25
QTA-1040,REP-057,2026-10-01,590000,1.39
QTA-1041,REP-066,2023-01-01,540000,0.98
QTA-1042,REP-066,2023-04-01,320000,0.99
QTA-1043,REP-066,2023-07-01,460000,1.15
QTA-1044,REP-066,2023-10-01,740000,1.21
QTA-1045,REP-066,2024-01-01,950000,1.37
QTA-1046,REP-066,2024-04-01,260000,1.26
QTA-1047,REP-066,2024-07-01,610000,0.99
QTA-1048,REP-066,2024-10-01,740000,0.84
QTA-1049,REP-066,2025-01-01,210000,1.46
QTA-1050,REP-066,2025-04-01,970000,0.55
QTA-1051,REP-066,2025-07-01,600000,1.02
QTA-1052,REP-066,2025-10-01,750000,0.57
QTA-1053,REP-066,2026-01-01,550000,1.24
QTA-1054,REP-066,2026-04-01,240000,1.19
QTA-1055,REP-066,2026-07-01,560000,1.34
QTA-1056,REP-066,2026-10-01,960000,0.92
QTA-1057,REP-081,2023-01-01,630000,0.91
QTA-1058,REP-081,2023-04-01,840000,1.39
QTA-1059,REP-081,2023-07-01,150000,1.07
QTA-1060,REP-081,2023-10-01,630000,1.43
QTA-1061,REP-081,2024-01-01,400000,0.89
QTA-1062,REP-081,2024-04-01,620000,1.14
QTA-1063,REP-081,2024-07-01,530000,1.07
QTA-1064,REP-081,2024-10-01,570000,0.81
QTA-1065,REP-081,2025-01-01,990000,0.91
QTA-1066,REP-081,2025-04-01,190000,0.72
QTA-1067,REP-081,2025-07-01,850000,0.83
QTA-1068,REP-081,2025-10-01,340000,0.69
QTA-1069,REP-081,2026-01-01,430000,1.41
QTA-1070,REP-081,2026-04-01,190000,1.01
QTA-1071,REP-081,2026-07-01,570000,0.89
QTA-1072,REP-081,2026-10-01,610000,0.57
QTA-1073,REP-070,2023-01-01,260000,0.58
QTA-1074,REP-070,2023-04-01,280000,1.14
QTA-1075,REP-070,2023-07-01,640000,1.4
QTA-1076,REP-070,2023-10-01,670000,1.35
QTA-1077,REP-070,2024-01-01,490000,1.06
QTA-1078,REP-070,2024-04-01,990000,1.38
QTA-1079,REP-070,2024-07-01,840000,0.99
QTA-1080,REP-070,2024-10-01,480000,1.03
QTA-1081,REP-070,2025-01-01,830000,1.25
QTA-1082,REP-070,2025-04-01,740000,1.13
QTA-1083,REP-070,2025-07-01,620000,1.24
QTA-1084,REP-070,2025-10-01,200000,1.07
QTA-1085,REP-070,2026-01-01,380000,0.56
QTA-1086,REP-070,2026-04-01,300000,0.99
QTA-1087,REP-070,2026-07-01,160000,0.76
QTA-1088,REP-070,2026-10-01,360000,0.89
QTA-1089,REP-055,2023-01-01,330000,0.68
QTA-1090,REP-055,2023-04-01,540000,1.31
QTA-1091,REP-055,2023-07-01,200000,0.92
QTA-1092,REP-055,2023-10-01,270000,0.74
QTA-1093,REP-055,2024-01-01,250000,0.63
QTA-1094,REP-055,2024-04-01,460000,0.91
QTA-1095,REP-055,2024-07-01,110000,0.61
QTA-1096,REP-055,2024-10-01,590000,0.7
QTA-1097,REP-055,2025-01-01,230000,1.25
QTA-1098,REP-055,2025-04-01,210000,1.07
QTA-1099,REP-055,2025-07-01,740000,1.36
QTA-1100,REP-055,2025-10-01,410000,0.97
QTA-1101,REP-055,2026-01-01,970000,1.15
QTA-1102,REP-055,2026-04-01,770000,0.86
QTA-1103,REP-055,2026-07-01,540000,0.73
QTA-1104,REP-055,2026-10-01,590000,0.5
QTA-1105,REP-064,2023-01-01,290000,0.67
QTA-1106,REP-064,2023-04-01,110000,0.91
QTA-1107,REP-064,2023-07-01,540000,0.92
QTA-1108,REP-064,2023-10-01,360000,1.14
QTA-1109,REP-064,2024-01-01,550000,0.99
QTA-1110,REP-064,2024-04-01,570000,0.89
QTA-1111,REP-064,2024-07-01,470000,0.67
QTA-1112,REP-064,2024-10-01,870000,1.02
QTA-1113,REP-064,2025-01-01,180000,0.5
QTA-1114,REP-064,2025-04-01,480000,1.38
QTA-1115,REP-064,2025-07-01,1000000,0.54
QTA-1116,REP-064,2025-10-01,300000,0.97
QTA-1117,REP-064,2026-01-01,120000,0.72
QTA-1118,REP-064,2026-04-01,260000,0.81
QTA-1119,REP-064,2026-07-01,770000,0.67
QTA-1120,REP-064,2026-10-01,660000,0.8
QTA-1121,REP-116,2023-01-01,980000,1.49
QTA-1122,REP-116,2023-04-01,360000,1.25
QTA-1123,REP-116,2023-07-01,510000,0.63
QTA-1124,REP-116,2023-10-01,390000,1.29
QTA-1125,REP-116,2024-01-01,620000,0.58
QTA-1126,REP-116,2024-04-01,810000,1.01
QTA-1127,REP-116,2024-07-01,290000,0.51
QTA-1128,REP-116,2024-10-01,410000,1.33
QTA-1129,REP-116,2025-01-01,790000,0.5
QTA-1130,REP-116,2025-04-01,640000,1.36
QTA-1131,REP-116,2025-07-01,960000,1.2
QTA-1132,REP-116,2025-10-01,840000,0.83
QTA-1133,REP-116,2026-01-01,950000,1.48
QTA-1134,REP-116,2026-04-01,270000,1.16
QTA-1135,REP-116,2026-07-01,810000,0.83
QTA-1136,REP-116,2026-10-01,930000,1.47
QTA-1137,REP-119,2023-01-01,180000,1.21
QTA-1138,REP-119,2023-04-01,220000,1.16
QTA-1139,REP-119,2023-07-01,300000,1.0
QTA-1140,REP-119,2023-10-01,200000,0.97
QTA-1141,REP-119,2024-01-01,870000,0.53
QTA-1142,REP-119,2024-04-01,360000,1.14
QTA-1143,REP-119,2024-07-01,640000,0.88
QTA-1144,REP-119,2024-10-01,390000,0.89
QTA-1145,REP-119,2025-01-01,880000,0.8
QTA-1146,REP-119,2025-04-01,320000,1.01
QTA-1147,REP-119,2025-07-01,930000,0.75
QTA-1148,REP-119,2025-10-01,630000,1.45
QTA-1149,REP-119,2026-01-01,510000,1.08
QTA-1150,REP-119,2026-04-01,450000,0.84
QTA-1151,REP-119,2026-07-01,340000,0.7
QTA-1152,REP-119,2026-10-01,970000,0.99
QTA-1153,REP-135,2023-01-01,160000,1.22
QTA-1154,REP-135,2023-04-01,950000,1.16
QTA-1155,REP-135,2023-07-01,450000,1.49
QTA-1156,REP-135,2023-10-01,130000,1.33
QTA-1157,REP-135,2024-01-01,720000,0.86
QTA-1158,REP-135,2024-04-01,540000,1.13
QTA-1159,REP-135,2024-07-01,350000,1.17
QTA-1160,REP-135,2024-10-01,230000,1.16
QTA-1161,REP-135,2025-01-01,290000,1.21
QTA-1162,REP-135,2025-04-01,530000,0.63
QTA-1163,REP-135,2025-07-01,980000,0.95
QTA-1164,REP-135,2025-10-01,980000,0.83
QTA-1165,REP-135,2026-01-01,670000,1.33
QTA-1166,REP-135,2026-04-01,840000,1.13
QTA-1167,REP-135,2026-07-01,160000,1.31
QTA-1168,REP-135,2026-10-01,410000,0.55
QTA-1169,REP-126,2023-01-01,610000,1.0
QTA-1170,REP-126,2023-04-01,810000,0.56
QTA-1171,REP-126,2023-07-01,180000,0.63
QTA-1172,REP-126,2023-10-01,600000,0.83
QTA-1173,REP-126,2024-01-01,460000,1.35
QTA-1174,REP-126,2024-04-01,890000,0.79
QTA-1175,REP-126,2024-07-01,790000,1.1
QTA-1176,REP-126,2024-10-01,740000,0.86
QTA-1177,REP-126,2025-01-01,860000,1.46
QTA-1178,REP-126,2025-04-01,400000,1.01
QTA-1179,REP-126,2025-07-01,310000,1.41
QTA-1180,REP-126,2025-10-01,190000,0.83
QTA-1181,REP-126,2026-01-01,450000,1.09
QTA-1182,REP-126,2026-04-01,660000,1.0
QTA-1183,REP-126,2026-07-01,440000,1.07
QTA-1184,REP-126,2026-10-01,410000,0.9
QTA-1185,REP-094,2023-01-01,200000,0.91
QTA-1186,REP-094,2023-04-01,550000,0.94
QTA-1187,REP-094,2023-07-01,540000,0.64
QTA-1188,REP-094,2023-10-01,310000,1.46
QTA-1189,REP-094,2024-01-01,1000000,1.45
QTA-1190,REP-094,2024-04-01,590000,0.61
QTA-1191,REP-094,2024-07-01,820000,1.16
QTA-1192,REP-094,2024-10-01,940000,0.77
QTA-1193,REP-094,2025-01-01,820000,1.17
QTA-1194,REP-094,2025-04-01,130000,1.39
QTA-1195,REP-094,2025-07-01,260000,1.06
QTA-1196,REP-094,2025-10-01,810000,1.36
QTA-1197,REP-094,2026-01-01,840000,1.28
QTA-1198,REP-094,2026-04-01,340000,1.17
QTA-1199,REP-094,2026-07-01,420000,1.24
QTA-1200,REP-094,2026-10-01,500000,0.96
